link,box_office,budget,in_english,runtime,critics_score,is_genre_action,is_genre_adventure,is_genre_animation,is_genre_biography,is_genre_comedy,is_genre_crime,is_genre_documentary,is_genre_drama,is_genre_family,is_genre_fantasy,is_genre_film-noir,is_genre_game-show,is_genre_history,is_genre_horror,is_genre_music,is_genre_musical,is_genre_mystery,is_genre_news,is_genre_reality-tv,is_genre_romance,is_genre_sci-fi,is_genre_sport,is_genre_talk-show,is_genre_thriller,is_genre_war,is_genre_western
/title/tt2238032/,"$136,579,287","$32,000,000",1,107 min,50,1,1,0,0,1,1,0,0,0,0,0,0,0,0,0,0,0,0,0,0,0,0,0,1,0,0
/title/tt5208950/,"$101,690","$13,000,000",1,110 min,54,1,0,0,0,0,0,0,1,0,0,0,0,0,0,0,0,0,0,0,0,0,0,0,0,0,0
/title/tt2586118/,"$1,369,037","EUR2,200,000",0,96 min,47,0,0,0,0,0,0,0,1,0,0,0,0,0,0,0,0,0,0,0,0,0,0,0,0,0,0
/title/tt1785635/,"$346,729","$5,000,000",1,91 min,50,0,0,0,0,0,1,0,0,0,0,0,0,0,1,0,0,1,0,0,0,0,0,0,1,0,0
/title/tt4551318/,"$945,991","EUR4,635,000",0,130 min,52,0,0,0,0,0,0,0,1,0,0,0,0,0,0,0,0,0,0,0,0,0,0,0,0,1,0
/title/tt2325977/,"$111,107","$10,000,000",1,112 min,42,0,0,0,0,0,0,0,1,0,0,0,0,0,0,0,0,1,0,0,0,0,0,0,1,0,0
/title/tt6593240/,"$109,386",EUR600,0,137 min,52,0,0,0,0,0,0,0,1,0,0,0,0,0,0,0,0,0,0,0,0,0,0,0,0,0,0
/title/tt4682788/,"$17,535,962","EUR14,582,000",1,123 min,42,1,0,0,1,0,1,0,1,0,0,0,0,0,0,0,0,0,0,0,0,0,0,0,0,0,0
/title/tt3791302/,"$4,323,120","EUR5,000,000",0,120 min,59,0,0,0,0,0,0,0,1,0,0,0,0,0,0,0,0,0,0,0,0,0,0,0,0,0,0
/title/tt2091935/,"$607,595","$8,000,000",1,95 min,52,1,0,0,0,1,0,0,0,0,0,0,0,0,0,0,0,0,0,0,1,0,0,0,0,0,0
/title/tt3289728/,"$2,084,628","$16,000,000",1,101 min,43,0,0,0,0,0,0,0,1,0,0,0,0,0,0,0,0,0,0,0,1,1,0,0,0,0,0
/title/tt1702429/,"$95,860","EUR2,472,000",1,105 min,60,0,0,0,1,1,0,0,1,0,0,0,0,0,0,0,0,0,0,0,1,0,0,0,0,0,0
/title/tt3606888/,"$16,053,043","$8,000,000",1,103 min,54,0,0,0,1,1,0,0,1,1,0,0,0,0,0,0,0,0,0,0,0,0,0,0,0,0,0
/title/tt3605418/,"$5,567,103","$2,500,000",1,99 min,53,0,0,0,0,0,0,0,1,0,0,0,0,0,0,0,0,0,0,0,0,0,0,0,1,0,0
/title/tt3794028/,"$13,025,034","EUR10,300,000",0,120 min,40,0,0,0,0,0,0,0,1,0,0,0,0,0,0,0,0,0,0,0,1,0,0,0,0,0,0
/title/tt2368619/,"$14,857,808","$20,000,000",1,92 min,48,1,0,0,0,0,1,0,1,0,0,0,0,0,0,0,0,0,0,0,0,0,0,0,1,0,0
/title/tt5691670/,"$2,053,469","$8,500,000",1,139 min,60,0,0,0,0,1,1,0,1,0,0,0,0,0,0,0,0,1,0,0,0,0,0,0,1,0,0
/title/tt2586120/,"$400,026","EUR8,000,000",0,130 min,50,0,0,0,0,0,1,0,1,0,0,0,0,0,0,0,0,0,0,0,1,0,0,0,0,0,0
/title/tt5690810/,"$229,123","$12,000,000",1,114 min,60,0,0,0,0,0,0,0,1,0,0,0,0,1,0,0,0,0,0,0,1,0,0,0,1,1,0
/title/tt3715122/,"$1,010,766","EUR3,200,850",0,100 min,58,0,0,0,0,0,0,0,1,0,0,0,0,0,0,0,0,0,0,0,0,0,0,0,0,0,0
/title/tt6083388/,"$9,559,524","$25,000,000",0,128 min,54,1,0,0,0,0,0,0,0,0,0,0,0,1,0,0,0,0,0,0,0,0,0,0,0,0,0
/title/tt2436682/,"$20,672","$10,000,000",1,110 min,42,0,0,0,0,0,0,0,1,0,0,0,0,0,0,0,0,0,0,0,0,0,0,0,0,0,1
/title/tt3640682/,"$63,373","$495,000",1,85 min,59,0,0,0,0,0,0,0,1,0,0,0,0,0,0,0,0,0,0,0,0,0,0,0,0,0,0
/title/tt3277624/,"$63,014","$1,000,000",1,97 min,58,0,0,0,0,0,0,0,1,0,0,0,0,0,0,0,0,0,0,0,0,1,0,0,0,0,0
/title/tt4158624/,"$531,046","$5,000,000",1,92 min,47,0,0,0,0,0,0,0,1,0,0,0,0,0,0,0,0,0,0,0,0,0,0,0,0,0,0
/title/tt3672840/,"$121,558,738","$65,000,000",1,127 min,41,1,1,0,0,0,0,0,1,0,1,0,0,1,0,0,0,0,0,0,0,0,0,0,0,0,0
/title/tt6643972/,"$345,900","$10,000,000",1,96 min,60,1,0,0,0,0,0,0,0,0,0,0,0,0,0,0,0,0,0,0,0,0,0,0,1,0,0
/title/tt5540992/,"$182,415","$18,000,000",1,90 min,47,0,0,0,1,0,0,0,1,0,0,0,0,1,0,0,0,0,0,0,0,0,0,0,1,1,0
/title/tt5687334/,"$1,329,016","EUR11,110,000",1,107 min,55,0,0,0,1,1,0,0,1,0,0,0,0,0,0,0,0,0,0,0,1,0,0,0,0,0,0
/title/tt4003440/,"$5,577,045","EUR8,700,000",1,152 min,42,0,0,0,0,0,1,0,1,0,0,0,0,0,1,0,0,0,0,0,0,0,0,0,0,0,0
/title/tt2534634/,"$1,289,014","EUR1,605,000",0,99 min,60,0,0,0,1,0,0,0,1,0,0,0,0,1,0,0,0,0,0,0,0,0,1,0,0,0,0
/title/tt3110770/,"$113,169","$1,500,000",1,98 min,50,0,0,0,0,1,0,0,0,0,0,0,0,0,0,0,0,0,0,0,0,0,0,0,0,0,0
/title/tt4298958/,"$4,728,350","JPY234,000,000",0,113 min,60,0,0,0,0,0,0,0,1,0,0,0,0,0,0,0,0,0,0,0,0,0,0,0,0,0,0
/title/tt6466464/,"$115,084,576","$73,000,000",1,114 min,51,1,1,0,0,0,0,0,0,0,1,0,0,0,0,0,0,0,0,0,0,0,0,0,0,0,0
/title/tt2909116/,"$125,799,039","$38,000,000",0,121 min,58,0,1,0,0,0,0,0,1,0,0,0,0,0,0,0,0,0,0,0,0,0,0,0,0,0,0
/title/tt4687848/,"$102,205,175","$50,000,000",1,124 min,47,1,0,0,0,1,0,0,0,0,0,0,0,0,0,0,0,0,0,0,0,0,0,0,0,1,0
/title/tt4486986/,"$678,150","$30,000,000",1,109 min,43,0,0,0,0,0,0,0,1,0,0,0,0,0,0,0,0,1,0,0,1,0,0,0,0,0,0
/title/tt5247704/,"$11,625,884","EUR7,870,000",1,113 min,58,0,0,0,0,1,0,0,1,0,0,0,0,0,0,0,0,0,0,0,0,0,0,0,0,0,0
/title/tt4217392/,"$254,212,245","$65,000,000",1,107 min,50,1,1,0,0,1,0,0,0,0,1,0,0,0,0,0,0,1,0,0,0,0,0,0,0,0,0
/title/tt5226984/,"$1,792,414","EUR5,000,000",1,117 min,56,0,0,0,1,0,0,0,1,0,0,0,0,0,0,0,0,0,0,0,0,0,0,0,0,0,0
/title/tt1318517/,"$2,301,430","EUR17,000,000",1,132 min,58,0,1,0,0,1,0,0,1,0,1,0,0,0,0,0,0,0,0,0,0,0,0,0,0,0,0
/title/tt5091612/,"$10,898,998","$21,400,000",0,110 min,55,0,0,0,0,0,0,0,1,0,0,0,0,0,0,0,0,0,0,0,0,0,0,0,0,0,0
/title/tt3576728/,"$3,087,832","$30,000,000",1,105 min,52,1,1,1,0,0,0,0,0,0,0,0,0,0,0,0,0,0,0,0,0,0,0,0,0,0,0
/title/tt3707106/,"$3,334,927","$10,000,000",1,122 min,44,0,0,0,0,0,0,0,1,0,0,0,0,0,0,0,0,0,0,0,1,0,0,0,0,0,0
/title/tt1658801/,"$1,474,471","$7,000,000",1,103 min,50,0,0,0,1,0,0,0,1,0,0,0,0,0,0,0,0,0,0,0,1,0,0,0,0,0,0
/title/tt1135989/,"$724,885","$4,000,000",0,95 min,55,0,0,0,1,0,0,0,1,0,0,0,0,1,0,0,0,1,0,0,1,0,0,0,0,1,0
/title/tt3859304/,"$615,816","$3,500,000",1,100 min,44,0,0,0,0,1,0,0,1,0,0,0,0,0,0,0,0,0,0,0,0,0,1,0,0,0,0
/title/tt3704050/,"$4,235,959","CAD13,000,000",1,94 min,52,0,0,0,0,0,0,0,1,0,0,0,0,0,0,0,0,1,0,0,0,0,0,0,1,0,0
/title/tt4602066/,"$953,953","$14,000,000",1,98 min,49,0,0,0,1,0,0,0,1,0,0,0,0,0,0,0,0,0,0,0,0,0,0,0,0,1,0
/title/tt5273624/,"$246,620,398","$63,300,000",0,109 min,59,0,1,0,0,1,0,0,0,0,1,0,0,0,0,0,0,0,0,0,0,0,0,0,0,0,0
/title/tt1724970/,"$992,181","$14,000,000",1,106 min,46,1,1,0,0,0,0,0,0,0,0,0,0,0,1,0,0,0,0,0,0,1,0,0,1,0,0
/title/tt3714720/,"$1,138,609","$3,800,000",1,88 min,53,0,0,0,0,1,0,0,1,0,0,0,0,0,0,0,0,0,0,0,1,0,0,0,0,0,0
/title/tt4939066/,"$2,749,918","$12,620,000",1,111 min,50,1,0,0,0,0,0,0,1,0,0,0,0,1,0,0,0,0,0,0,0,0,0,0,0,1,0
/title/tt3864024/,"$1,406,538","$2,480,421",1,102 min,42,1,0,0,0,1,0,0,0,0,0,0,0,0,0,0,0,0,0,0,0,1,0,0,0,0,0
/title/tt1014763/,"$12,951,093","$50,000,000",1,137 min,41,0,0,0,0,0,1,0,1,0,0,0,0,1,0,0,0,0,0,0,0,0,0,0,1,0,0
/title/tt4276752/,"$259,368,448","$37,000,000",1,127 min,48,1,1,0,0,0,0,0,1,0,1,0,0,0,1,0,0,1,0,0,0,0,0,0,1,0,0
/title/tt2674454/,"$6,724,365","$6,400,000",1,105 min,44,0,0,0,1,0,0,0,1,0,0,0,0,1,0,0,0,0,0,0,0,0,0,0,0,1,0
/title/tt1974419/,"$3,377,430","$7,000,000",1,117 min,51,0,0,0,0,0,0,0,0,0,0,0,0,0,1,0,0,0,0,0,0,0,0,0,1,0,0
/title/tt7374952/,"$1,404,646","$8,000,000",1,142 min,46,0,0,0,0,0,0,0,1,0,0,0,0,0,0,0,0,0,0,0,0,0,0,0,0,0,0
/title/tt5825380/,"$15,889,124","$25,000,000",1,101 min,45,0,0,0,0,0,0,0,1,0,0,0,0,0,0,0,0,0,0,0,0,0,0,0,0,0,0
/title/tt4538916/,"$15,845,593","GBP5,400,000",1,111 min,53,0,0,0,0,1,0,0,1,0,0,0,0,0,0,1,0,0,0,0,1,0,0,0,0,0,0
/title/tt4975920/,"$1,567,501","$8,000,000",1,100 min,51,0,0,0,1,0,0,0,1,0,0,0,0,0,0,0,0,0,0,0,0,0,0,0,0,0,1
/title/tt2140037/,"$3,067,531","$25,000,000",1,98 min,49,1,0,0,0,0,0,0,1,0,0,0,0,0,0,0,0,0,0,0,0,0,0,0,0,0,1
/title/tt1401621/,"$4,550","$1,693,000",1,95 min,47,0,0,0,0,0,0,0,1,0,1,0,0,0,0,0,0,0,0,0,0,0,0,0,0,0,0
/title/tt1490785/,"$1,767,963","$13,000,000",1,123 min,47,0,0,0,1,0,0,0,1,0,0,0,0,0,0,1,0,0,0,0,1,0,0,0,0,0,0
/title/tt1967614/,"$1,659,002","$15,000,000",1,120 min,40,0,0,0,0,1,0,0,1,0,0,0,0,0,0,0,0,0,0,0,0,0,0,0,0,0,0
/title/tt2513074/,"$30,930,984","$40,000,000",1,113 min,53,1,0,0,0,0,0,0,1,0,0,0,0,0,0,0,0,0,0,0,0,0,1,0,1,1,0
/title/tt3147312/,"$3,004,168","$3,000,000",1,88 min,51,0,0,0,0,0,0,0,1,0,0,0,0,0,0,0,0,0,0,0,0,0,0,0,1,0,0
/title/tt3569230/,"$42,972,994","$30,000,000",1,132 min,55,0,0,0,1,0,1,0,1,0,0,0,0,0,0,0,0,0,0,0,0,0,0,0,1,0,0
/title/tt6205872/,"$2,584,988","$7,000,000",1,108 min,56,1,0,0,0,1,1,0,1,0,0,0,0,0,1,0,0,0,0,0,0,0,0,0,1,0,0
/title/tt1172049/,"$4,366,460","$10,000,000",1,101 min,49,0,0,0,0,1,0,0,1,0,0,0,0,0,0,0,0,0,0,0,0,0,0,0,0,0,0
/title/tt2910904/,"$23,762,417","AUD17,000,000",1,119 min,47,0,0,0,0,1,0,0,1,0,0,0,0,0,0,0,0,0,0,0,0,0,0,0,0,0,0
/title/tt3614530/,"$2,333,684","$5,000,000",1,118 min,42,0,1,0,0,0,0,0,1,1,1,0,0,0,0,1,0,0,0,0,1,1,0,0,0,0,0
/title/tt7605074/,"$699,760,773","$48,000,000",1,125 min,57,1,0,0,0,0,0,0,1,0,0,0,0,0,0,0,0,0,0,0,0,1,0,0,0,0,0
/title/tt4778988/,"$2,510,151","$26,000,000",1,98 min,54,0,0,0,1,0,0,0,1,0,0,0,0,1,0,0,0,0,0,0,0,0,0,0,0,0,0
/title/tt2888046/,"$156,919,433","$36,000,000",1,105 min,57,1,0,0,1,0,0,0,1,0,0,0,0,1,0,0,0,0,0,0,0,0,0,0,0,0,0
/title/tt7131870/,"$870,325,439","$30,100,000",1,123 min,44,1,0,0,0,0,0,0,1,0,0,0,0,0,0,0,0,0,0,0,0,0,0,0,1,1,0
/title/tt5314190/,"$4,932,694","$25,000,000",1,84 min,58,0,1,1,0,0,0,0,0,1,0,0,0,1,0,0,0,0,0,0,0,0,0,0,0,1,0
/title/tt6511932/,"$4,552,695","$5,000,000",1,95 min,55,0,0,0,0,1,0,0,0,0,0,0,0,0,0,0,0,0,0,0,0,0,0,0,0,0,0
/title/tt6512428/,"$3,589,633","$2,700,000",1,119 min,53,0,0,0,0,0,0,0,0,0,0,0,0,0,0,0,0,0,0,0,0,0,0,0,0,0,0
/title/tt3787590/,"$11,122,090","$2,000,000",1,96 min,46,0,0,0,0,0,0,0,1,0,0,0,0,0,0,1,0,0,0,0,1,0,0,0,0,0,0
/title/tt1412528/,"$5,042,014","$5,000,000",1,87 min,40,0,0,0,0,1,0,0,1,0,0,0,0,0,0,0,0,0,0,0,1,0,0,0,0,0,0
/title/tt1974420/,"$3,885,342","$25,000,000",1,127 min,60,0,0,0,0,1,0,0,1,0,0,0,0,0,0,0,0,0,0,0,1,0,0,0,0,0,0
/title/tt0787524/,"$12,252,684","$10,000,000",1,108 min,56,0,0,0,1,0,0,0,1,0,0,0,0,0,0,0,0,0,0,0,0,0,0,0,0,0,0
/title/tt4520364/,"$8,809,407","$8,000,000",1,92 min,48,1,0,0,0,0,0,0,0,0,0,0,0,0,1,0,0,0,0,0,0,1,0,0,1,0,0
/title/tt3715320/,"$27,391,084","$11,000,000",1,95 min,53,0,0,0,0,1,0,0,1,0,0,0,0,0,0,0,0,0,0,0,0,0,0,0,0,0,0
/title/tt2980210/,"$9,169,507","$30,000,000",1,98 min,58,0,0,0,0,1,0,0,1,0,0,0,0,0,0,0,0,0,0,0,1,0,0,0,0,0,0
/title/tt3361792/,"$7,776,413","$20,000,000",1,112 min,48,0,0,0,1,0,0,0,1,0,0,0,0,0,0,0,0,0,0,0,0,0,0,0,0,1,0
/title/tt6803212/,"$5,288,011","$5,000,000",1,103 min,49,0,0,0,0,0,0,0,1,0,0,0,0,0,1,0,0,1,0,0,0,0,0,0,1,0,0
/title/tt1781827/,"$4,978,353","$20,000,000",1,111 min,54,0,0,0,1,0,0,0,1,0,0,0,0,0,0,0,0,0,0,0,0,0,1,0,0,0,0
/title/tt6423362/,"$6,650,029","$9,000,000",1,100 min,52,0,0,0,0,0,0,0,1,0,0,0,0,0,0,0,0,0,0,0,1,0,0,0,0,0,0
/title/tt1772288/,"$10,835,752","$10,000,000",1,106 min,58,0,0,0,1,1,0,0,1,0,0,0,0,0,0,1,0,0,0,0,0,0,0,0,0,0,0
/title/tt4429194/,"$13,203,541","$5,000,000",1,92 min,48,0,0,0,0,1,0,0,1,0,0,0,0,0,0,0,0,0,0,0,1,0,0,0,0,0,0
/title/tt0491175/,"$12,751,667","$25,000,000",1,105 min,42,0,0,0,0,1,1,0,1,0,0,0,0,0,0,0,0,1,0,0,0,0,0,0,1,0,0
/title/tt5968394/,"$8,765,016","$25,000,000",1,109 min,54,0,0,0,0,0,0,0,1,0,0,0,0,0,0,0,0,0,0,0,0,1,0,0,1,0,0
/title/tt7026672/,"$10,421,847","$4,900,000",1,97 min,52,0,0,0,0,0,0,0,1,0,1,0,0,0,0,0,0,0,0,0,1,0,0,0,0,0,0
/title/tt1366338/,"$6,312,033","$5,000,000",1,98 min,57,0,1,0,0,0,1,0,1,0,0,0,0,0,0,0,0,0,0,0,0,0,0,0,0,0,0
/title/tt1230168/,"$6,423,605","$15,000,000",1,119 min,47,0,0,0,1,0,0,0,1,0,0,0,0,0,0,0,0,0,0,0,0,0,0,0,0,0,0
/title/tt5834262/,"$13,313,581","$15,000,000",1,94 min,58,1,0,0,0,0,1,0,1,0,0,0,0,0,0,0,0,0,0,0,0,1,0,0,1,0,0
/title/tt7365604/,"$6,819,044","$10,000,000",1,113 min,47,0,0,0,0,1,0,0,1,0,0,0,0,0,0,0,0,0,0,0,1,0,0,0,0,0,0
/title/tt3381008/,"$25,182,929","$35,000,000",1,83 min,44,1,1,0,0,1,1,0,0,0,0,0,0,0,0,0,0,0,0,0,0,0,0,0,1,0,0
/title/tt1018765/,"$8,527,658","$28,000,000",1,107 min,53,0,0,0,0,1,0,0,1,0,0,0,0,0,0,0,0,0,0,0,0,0,0,0,0,0,0
/title/tt2717822/,"$19,652,057","$70,000,000",1,133 min,51,1,0,0,0,0,1,0,0,0,0,0,0,0,0,0,0,0,0,0,0,0,0,0,1,0,0
/title/tt1800302/,"$14,880,939","$20,000,000",1,120 min,49,0,0,0,0,0,1,0,1,0,0,0,0,0,0,0,0,0,0,0,0,0,0,0,0,0,0
/title/tt7456310/,"$30,918,726","EUR30,690,000",1,119 min,40,1,0,0,0,0,0,0,0,0,0,0,0,0,0,0,0,0,0,0,0,0,0,0,1,0,0
/title/tt3203606/,"$8,235,661","$15,000,000",1,124 min,60,0,0,0,1,0,0,0,1,0,0,0,0,0,0,0,0,0,0,0,0,0,0,0,0,0,0
/title/tt4731136/,"$26,620,002","$40,000,000",1,146 min,47,0,0,0,0,0,0,0,1,0,1,0,0,0,1,0,0,1,0,0,0,1,0,0,1,0,0
/title/tt4761916/,"$16,024,987","$1,000,000",1,92 min,53,0,0,0,0,0,0,0,0,0,0,0,0,0,1,0,0,1,0,0,0,0,0,0,1,0,0
/title/tt4660172/,"$16,544","$5,000,000",1,86 min,45,0,0,0,0,1,0,0,0,0,0,0,0,0,0,0,0,0,0,0,0,0,0,0,0,0,0
/title/tt2365580/,"$10,072,882","$20,000,000",1,109 min,51,0,0,0,0,1,0,0,1,0,0,0,0,0,0,0,0,1,0,0,0,0,0,0,0,0,0
/title/tt3072482/,"$16,810,562","$2,000,000",1,96 min,51,1,1,0,0,0,0,0,0,0,0,0,0,0,0,0,0,0,0,0,0,1,0,0,1,0,0
/title/tt2822672/,"$23,157,646","$60,000,000",1,90 min,48,0,1,1,0,1,0,0,0,1,0,0,0,0,0,1,0,0,0,0,0,0,0,0,0,0,0
/title/tt4871980/,"$10,414,738","$5,000,000",1,96 min,41,0,0,0,0,1,0,0,0,0,0,0,0,0,0,0,0,0,0,0,1,0,0,0,0,0,0
/title/tt1082807/,"$11,084,630","$5,000,000",1,89 min,44,0,0,0,0,0,0,0,0,0,0,0,0,0,1,0,0,0,0,0,0,0,0,0,1,0,0
/title/tt4807408/,"$10,209,813","$10,000,000",1,133 min,49,0,0,0,1,0,0,0,1,0,0,0,0,1,0,0,0,0,0,0,0,0,0,0,0,0,0
/title/tt2361317/,"$22,678,555","$108,000,000",1,129 min,49,1,0,0,0,0,1,0,1,0,0,0,0,0,0,0,0,0,0,0,0,0,0,0,1,0,0
/title/tt3289724/,"$13,061,491","$39,000,000",1,116 min,40,0,0,0,1,1,0,0,1,0,1,0,0,0,0,0,0,0,0,0,1,0,0,0,0,0,0
/title/tt1374989/,"$16,405,171","$28,000,000",1,108 min,45,1,0,0,0,1,0,0,0,0,1,0,0,0,1,0,0,0,0,0,1,0,0,0,0,0,0
/title/tt3462710/,"$17,768,012","$12,000,000",1,100 min,45,0,0,0,0,0,0,0,1,0,0,0,0,0,0,0,0,0,0,0,0,0,0,0,1,0,0
/title/tt6000478/,"$13,025,860","$22,000,000",1,122 min,58,0,0,0,0,0,1,0,1,0,0,0,0,0,0,0,0,0,0,0,0,0,0,0,1,0,0
/title/tt2006295/,"$24,902,723","$26,000,000",1,127 min,55,0,0,0,1,0,0,0,1,0,0,0,0,1,0,0,0,0,0,0,0,0,0,0,0,0,0
/title/tt1691916/,"$16,373,843","$5,000,000",1,98 min,58,0,0,0,0,0,0,0,1,0,1,0,0,0,0,0,0,1,0,0,0,0,0,0,0,0,0
/title/tt2547584/,"$25,975,621","$20,000,000",1,133 min,60,0,0,0,0,0,0,0,1,0,0,0,0,0,0,0,0,0,0,0,1,0,0,0,0,0,0
/title/tt1712261/,"$23,119,442","$20,000,000",1,115 min,52,0,0,0,0,0,1,0,0,0,0,0,0,0,0,0,0,0,0,0,0,0,0,0,1,0,0
/title/tt2503944/,"$36,606,743","$20,000,000",1,101 min,42,0,0,0,0,1,0,0,1,0,0,0,0,0,0,0,0,0,0,0,0,0,0,0,0,0,0
/title/tt4183692/,"$14,401,617","$12,000,000",1,123 min,57,0,0,0,0,0,0,0,1,0,0,0,0,0,0,0,0,0,0,0,0,0,1,0,0,0,0
/title/tt6113488/,"$17,644,496","$5,000,000",1,112 min,50,0,0,0,1,0,0,0,1,0,0,0,0,0,0,0,0,0,0,0,0,0,0,0,0,0,0
/title/tt5177088/,"$35,164,920","$43,000,000",1,115 min,43,1,0,0,0,0,1,0,1,0,0,0,0,0,0,0,0,0,0,0,0,0,0,0,1,0,0
/title/tt4504044/,"$21,150,265","$6,000,000",1,92 min,45,0,0,0,0,0,0,0,0,0,0,0,0,0,1,0,0,0,0,0,0,0,0,0,1,0,0
/title/tt5941692/,"$15,383,580","$15,000,000",1,104 min,41,1,0,0,0,0,1,0,1,0,0,0,0,0,0,0,0,0,0,0,0,0,0,0,1,0,0
/title/tt1846589/,"$31,672,678","$40,000,000",1,122 min,43,1,0,0,0,0,0,0,0,0,0,0,0,0,0,0,0,0,0,0,0,0,0,0,1,0,0
/title/tt1083452/,"$46,152,800","$23,000,000",1,106 min,54,0,0,0,1,1,0,0,1,0,0,0,0,0,0,0,0,0,0,0,0,0,1,0,0,0,0
/title/tt1571234/,"$83,672,673","$100,000,000",1,128 min,44,1,1,0,0,0,0,0,0,0,1,0,0,0,0,0,0,0,0,0,0,1,0,0,1,0,0
/title/tt2328900/,"$46,672,564","$25,000,000",1,124 min,60,0,0,0,1,0,0,0,1,0,0,0,0,1,0,0,0,0,0,0,0,0,0,0,0,0,0
/title/tt2378507/,"$22,088,533","$9,000,000",1,127 min,56,0,0,0,1,0,0,0,1,0,0,0,0,0,0,0,0,0,0,0,0,0,0,0,0,0,0
/title/tt7752126/,"$32,893,421","$6,000,000",1,90 min,44,0,0,0,0,0,0,0,1,0,0,0,0,0,1,0,0,1,0,0,0,1,0,0,0,0,0
/title/tt2461150/,"$29,674,699","$25,000,000",1,95 min,47,0,0,0,0,1,1,0,0,0,0,0,0,0,0,0,0,0,0,0,0,0,0,0,0,0,0
/title/tt1730768/,"$26,127,965","$20,000,000",1,127 min,57,0,0,0,1,0,0,0,1,0,0,0,0,1,0,0,0,0,0,0,0,0,0,0,0,1,0
/title/tt7388562/,"$23,039,243","$5,000,000",1,108 min,52,0,1,0,1,0,0,0,1,0,0,0,0,1,0,0,0,0,0,0,0,0,0,0,0,0,0
/title/tt6628394/,"$31,882,724","$32,000,000",1,141 min,60,0,0,0,0,0,1,0,1,0,0,0,0,0,0,0,0,1,0,0,0,0,0,0,1,0,0
/title/tt3499096/,"$25,070,261","$30,000,000",1,134 min,56,0,0,0,1,0,0,0,1,0,0,0,0,0,0,0,0,0,0,0,0,0,1,0,0,0,0
/title/tt4981636/,"$23,316,139","$8,500,000",1,92 min,51,0,0,0,0,1,0,0,0,1,0,0,0,0,0,0,0,0,0,0,0,0,0,0,0,0,0
/title/tt1741273/,"$34,854,990","$19,500,000",1,111 min,45,0,0,0,0,0,1,0,1,0,0,0,0,0,0,0,0,1,0,0,0,0,0,0,1,0,0
/title/tt4287320/,"$40,656,399","$18,000,000",1,110 min,43,0,0,0,0,0,0,0,1,0,0,0,0,0,0,0,0,0,0,0,0,1,0,0,1,0,0
/title/tt7690670/,"$20,780,685","$16,000,000",1,116 min,52,1,0,0,0,0,1,0,0,0,0,0,0,0,0,0,0,0,0,0,0,0,0,0,1,0,0
/title/tt1124037/,"$25,035,950","$50,000,000",1,139 min,53,1,0,0,1,0,0,0,1,0,0,0,0,1,0,0,0,0,0,0,0,0,0,0,0,1,1
/title/tt1540011/,"$45,173,154","$5,000,000",1,89 min,47,0,0,0,0,0,0,0,0,0,0,0,0,0,1,0,0,1,0,0,0,0,0,0,1,0,0
/title/tt1243974/,"$26,250,020","$37,000,000",1,105 min,40,0,0,0,0,1,0,0,1,0,0,0,0,0,0,0,0,0,0,0,1,0,0,0,0,0,0
/title/tt7329656/,"$38,912,179","$12,000,000",1,90 min,43,0,1,0,0,0,0,0,1,0,0,0,0,0,1,0,0,0,0,0,0,0,0,0,1,0,0
/title/tt4463894/,"$21,360,215","$30,000,000",1,111 min,40,1,0,0,0,1,1,0,0,0,0,0,0,0,0,0,0,0,0,0,0,0,0,0,0,0,0
/title/tt3774114/,"$37,279,439","$40,000,000",1,134 min,58,0,0,0,1,0,0,0,1,0,0,0,0,0,0,0,0,0,0,0,0,0,0,0,1,0,0
/title/tt4530422/,"$41,657,844","$38,000,000",1,110 min,60,1,1,0,0,0,0,0,0,0,0,0,0,0,1,0,0,1,0,0,0,1,0,0,0,1,0
/title/tt4799050/,"$47,347,283","$20,000,000",1,101 min,51,0,0,0,0,1,1,0,0,0,0,0,0,0,0,0,0,0,0,0,0,0,0,0,1,0,0
/title/tt5816682/,"$65,421,267","$21,000,000",1,111 min,58,0,0,0,1,0,0,0,1,0,0,0,0,1,0,0,0,0,0,0,0,0,0,0,0,0,0
/title/tt2436386/,"$33,213,241","$12,000,000",1,106 min,47,0,0,0,0,0,0,0,1,0,0,0,0,0,0,0,0,1,0,0,0,1,0,0,1,0,0
/title/tt7734218/,"$32,390,945","$16,000,000",1,93 min,42,1,0,0,0,1,1,0,0,0,0,0,0,0,0,0,0,0,0,0,0,0,0,0,1,0,0
/title/tt8385474/,"$71,746,590","$16,000,000",1,109 min,43,0,0,0,0,1,0,0,1,1,1,0,0,0,0,0,0,0,0,0,0,0,0,0,0,0,0
/title/tt3553442/,"$24,972,139","$35,000,000",1,112 min,57,0,0,0,1,1,0,0,1,0,0,0,0,0,0,0,0,0,0,0,0,0,0,0,0,1,0
/title/tt4537896/,"$25,957,482","$29,000,000",1,111 min,59,0,0,0,0,0,1,0,1,0,0,0,0,0,0,0,0,0,0,0,0,0,0,0,0,0,0
/title/tt1473832/,"$211,952,420","$35,000,000",1,123 min,59,0,0,0,0,1,0,0,1,0,0,0,0,0,0,0,0,0,0,0,1,0,0,0,0,0,0
/title/tt1285009/,"$31,039,126","$5,000,000",1,85 min,48,0,0,0,0,0,0,0,0,0,0,0,0,0,1,0,0,0,0,0,0,0,0,0,0,0,0
/title/tt4669788/,"$38,673,750","$20,000,000",1,120 min,59,0,0,0,1,0,0,0,1,0,0,0,0,0,0,0,0,0,0,0,0,0,0,0,0,0,0
/title/tt2261287/,"$106,127,278","$30,000,000",1,89 min,48,0,1,1,0,1,0,0,0,1,0,0,0,0,0,1,0,0,0,0,0,0,0,0,0,0,0
/title/tt4481414/,"$43,069,254","$7,000,000",1,101 min,60,0,0,0,0,0,0,0,1,0,0,0,0,0,0,0,0,0,0,0,0,0,0,0,0,0,0
/title/tt1390411/,"$93,920,758","$100,000,000",1,122 min,47,1,1,0,1,0,0,0,1,0,0,0,0,1,0,0,0,0,0,0,0,0,0,0,0,0,0
/title/tt1478839/,"$33,766,787","$20,000,000",1,109 min,43,0,0,0,0,1,0,0,1,0,0,0,0,0,0,0,0,0,0,0,1,0,1,0,0,0,0
/title/tt2199571/,"$71,561,644","$50,000,000",1,114 min,59,1,0,0,0,0,0,0,1,0,0,0,0,0,0,0,0,0,0,0,0,0,0,0,1,0,0
/title/tt1560220/,"$102,825,907","$42,000,000",1,99 min,56,1,0,0,0,1,0,0,0,0,0,0,0,0,1,0,0,0,0,0,0,0,0,0,0,0,0
/title/tt3623726/,"$41,325,328","$18,000,000",1,101 min,54,0,0,0,0,1,0,0,1,0,0,0,0,0,0,1,0,0,0,0,0,0,0,0,0,0,0
/title/tt2592614/,"$312,242,626","$40,000,000",1,107 min,49,1,0,0,0,0,0,0,0,0,0,0,0,0,1,0,0,0,0,0,0,1,0,0,1,0,0
/title/tt5719700/,"$37,270,721","$12,000,000",1,97 min,41,0,0,0,0,1,0,0,1,0,0,0,0,0,0,0,0,0,0,0,1,0,0,0,0,0,0
/title/tt2025690/,"$52,099,090","$80,000,000",1,117 min,58,0,0,0,0,0,0,0,1,0,0,0,0,1,0,0,0,0,0,0,0,0,0,0,1,0,0
/title/tt8155288/,"$64,503,067","$9,000,000",1,100 min,57,0,0,0,0,1,0,0,0,0,0,0,0,0,1,0,0,1,0,0,0,1,0,0,1,0,0
/title/tt8663516/,"$44,902,237","$10,000,000",1,90 min,48,0,0,0,0,0,0,0,0,0,0,0,0,0,1,0,0,0,0,0,0,0,0,0,0,0,0
/title/tt1178665/,"$37,461,274","$8,000,000",1,104 min,51,0,1,0,1,1,0,0,1,0,0,0,0,0,0,0,0,0,0,0,0,0,0,0,0,0,0
/title/tt5442430/,"$100,541,806","$58,000,000",1,104 min,54,0,0,0,0,0,0,0,0,0,0,0,0,0,1,0,0,0,0,0,0,1,0,0,1,0,0
/title/tt1620981/,"$156,747,127","$40,000,000",1,86 min,46,0,0,1,0,1,0,0,0,1,1,0,0,0,1,0,0,0,0,0,0,0,0,0,0,0,0
/title/tt2226597/,"$62,832,209","$35,000,000",1,112 min,48,1,1,0,0,0,0,0,1,0,0,0,0,0,0,0,0,0,0,0,1,0,0,0,1,0,0
/title/tt7961060/,"$114,102,821","$8,500,000",0,100 min,59,1,1,1,0,0,0,0,0,1,1,0,0,0,0,0,0,0,0,0,0,1,0,0,0,0,0
/title/tt1458169/,"$34,814,102","$21,000,000",1,95 min,44,0,0,0,0,0,1,0,1,0,0,0,0,0,0,0,0,0,0,0,0,0,0,0,1,0,0
/title/tt6306064/,"$59,945,012","$35,000,000",1,96 min,56,1,1,0,1,0,0,0,1,0,0,0,0,0,0,0,0,0,0,0,1,0,0,0,1,0,0
/title/tt1823672/,"$102,069,268","$49,000,000",1,120 min,41,1,0,0,0,0,1,0,1,0,0,0,0,0,0,0,0,0,0,0,0,1,0,0,1,0,0
/title/tt3622592/,"$85,512,300","$12,000,000",1,109 min,56,0,0,0,0,1,0,0,1,0,0,0,0,0,0,0,0,1,0,0,1,0,0,0,0,0,0
/title/tt4795124/,"$61,881,372","$10,000,000",1,115 min,54,0,0,0,0,1,0,0,1,0,0,0,0,0,0,0,0,0,0,0,0,0,0,0,0,0,0
/title/tt5719748/,"$76,419,755","$60,000,000",1,119 min,57,1,0,0,0,0,1,0,1,0,0,0,0,0,0,0,0,0,0,0,0,0,0,0,1,0,0
/title/tt2555736/,"$85,978,266","$10,000,000",1,122 min,51,0,0,0,0,1,0,0,1,0,0,0,0,0,0,0,0,0,0,0,0,0,0,0,0,0,0
/title/tt2404425/,"$61,619,773","$11,000,000",1,109 min,51,0,0,0,1,0,0,0,1,0,0,0,0,1,0,0,0,0,0,0,0,0,0,0,0,0,0
/title/tt3095734/,"$64,493,915","$125,000,000",1,104 min,41,1,1,0,0,1,0,0,0,1,1,0,0,0,0,0,0,0,0,0,0,1,0,0,0,0,0
/title/tt6663582/,"$75,320,680","$40,000,000",1,117 min,52,1,1,0,0,1,0,0,0,0,0,0,0,0,0,0,0,0,0,0,0,0,0,0,0,0,0
/title/tt5001718/,"$61,621,140","$10,000,000",1,96 min,52,0,0,0,0,0,0,0,1,0,0,0,0,0,0,0,0,0,0,0,1,0,0,0,0,0,0
/title/tt1666801/,"$43,528,634","$8,500,000",1,101 min,56,0,0,0,0,1,0,0,0,0,0,0,0,0,0,0,0,0,0,0,1,0,0,0,0,0,0
/title/tt3062096/,"$220,021,259","$75,000,000",1,121 min,42,1,0,0,0,0,1,0,1,0,0,0,0,0,0,0,0,1,0,0,0,0,0,0,1,0,0
/title/tt1615160/,"$145,374,099","$35,000,000",1,113 min,55,1,0,0,0,0,0,0,0,0,0,0,0,0,0,0,0,0,0,0,0,0,0,0,1,0,0
/title/tt3322364/,"$48,623,572","$35,000,000",1,123 min,55,0,0,0,1,0,0,0,1,0,0,0,0,0,0,0,0,0,0,0,0,0,1,0,0,0,0
/title/tt3882082/,"$74,136,180","$10,000,000",1,97 min,42,0,0,0,0,0,0,0,0,0,0,0,0,0,1,0,0,1,0,0,0,0,0,0,1,0,0
/title/tt1961175/,"$67,234,188","$33,000,000",1,112 min,45,1,0,0,0,0,0,0,0,0,0,0,0,0,0,0,0,0,0,0,0,0,0,0,1,0,0
/title/tt6802308/,"$57,076,286","$30,000,000",1,94 min,45,0,0,0,1,0,0,0,1,0,0,0,0,0,0,0,0,0,0,0,0,0,0,0,1,0,0
/title/tt1590193/,"$119,942,387","$30,000,000",1,105 min,56,1,0,0,0,0,0,0,0,0,0,0,0,0,0,0,0,1,0,0,0,0,0,0,1,0,0
/title/tt3231054/,"$46,069,568","$20,000,000",1,107 min,51,1,0,0,0,0,0,0,1,0,0,0,0,1,0,0,0,1,0,0,0,0,0,0,0,0,0
/title/tt4777008/,"$434,181,232","$185,000,000",1,119 min,43,0,1,0,0,0,0,0,0,1,1,0,0,0,0,0,0,0,0,0,0,0,0,0,0,0,0
/title/tt6095472/,"$145,678,023","$65,000,000",1,97 min,60,0,1,1,0,1,0,0,0,1,0,0,0,0,0,0,0,0,0,0,0,0,0,0,0,0,0
/title/tt3531824/,"$85,251,425","$19,000,000",1,96 min,58,0,1,0,0,0,1,0,1,0,0,0,0,0,0,0,0,1,0,0,0,0,0,0,1,0,0
/title/tt8364368/,"$90,510,445","$13,500,000",1,87 min,60,1,0,0,0,0,0,0,1,0,0,0,0,0,1,0,0,0,0,0,0,0,0,0,1,0,0
/title/tt1972591/,"$148,675,066","$175,000,000",1,126 min,41,1,1,0,0,0,0,0,1,0,1,0,0,0,0,0,0,0,0,0,0,0,0,0,0,0,0
/title/tt2126357/,"$72,282,227","$16,000,000",1,103 min,46,0,0,0,0,1,0,0,1,0,0,0,0,0,0,0,0,0,0,0,1,0,0,0,0,0,0
/title/tt3640424/,"$119,520,023","$85,000,000",1,124 min,60,1,0,0,0,0,0,0,1,0,0,0,0,0,0,0,0,0,0,0,1,0,0,0,1,1,0
/title/tt1219827/,"$169,801,921","$110,000,000",1,107 min,52,1,0,0,0,0,0,0,1,0,0,0,0,0,0,0,0,0,0,0,0,1,0,0,1,0,0
/title/tt8085790/,"$48,800,575","$20,000,000",1,109 min,49,0,0,0,0,1,0,0,0,0,1,0,0,0,0,0,0,0,0,0,1,0,0,0,0,0,0
/title/tt7083526/,"$50,444,358","$14,000,000",1,116 min,46,0,0,0,1,0,0,0,1,0,0,0,0,0,0,0,0,0,0,0,0,0,0,0,0,0,0
/title/tt4587656/,"$62,812,974","$20,000,000",1,86 min,42,0,1,1,0,1,0,0,0,1,1,0,0,0,0,0,0,0,0,0,0,0,0,0,0,0,0
/title/tt2241351/,"$93,282,604","$27,000,000",1,98 min,55,0,0,0,0,0,1,0,1,0,0,0,0,0,0,0,0,0,0,0,0,0,0,0,1,0,0
/title/tt4649416/,"$42,580,920","$17,000,000",1,111 min,55,0,0,0,0,1,0,0,1,0,0,0,0,0,0,0,0,0,0,0,0,0,0,0,0,0,0
/title/tt7616798/,"$76,087,556","$18,000,000",1,96 min,50,0,1,0,0,0,0,0,1,1,0,0,0,0,0,0,0,0,0,0,0,0,0,0,0,0,0
/title/tt7334528/,"$46,664,414","$19,000,000",1,103 min,57,0,0,0,0,1,0,0,0,0,0,0,0,0,0,0,0,0,0,0,0,0,1,0,0,0,0
/title/tt1655441/,"$65,663,276","$25,000,000",1,112 min,51,0,0,0,0,0,0,0,1,0,1,0,0,0,0,0,0,0,0,0,1,0,0,0,0,0,0
/title/tt3850590/,"$61,548,707","$15,000,000",1,98 min,49,0,0,0,0,1,0,0,1,0,1,0,0,0,1,0,0,0,0,0,0,0,0,0,0,0,0
/title/tt3369806/,"$43,967,255","$20,000,000",1,111 min,47,0,1,0,0,0,0,0,1,1,0,0,0,0,0,0,0,0,0,0,0,0,0,0,0,1,0
/title/tt2005151/,"$86,234,523","$40,000,000",1,114 min,57,0,0,0,1,1,1,0,1,0,0,0,0,0,0,0,0,0,0,0,0,0,0,0,0,1,0
/title/tt3530002/,"$52,395,996","$25,000,000",1,101 min,58,0,0,0,0,1,0,0,0,0,1,0,0,0,0,0,0,0,0,0,0,0,0,0,0,0,0
/title/tt2932536/,"$62,187,529","$5,300,000",1,89 min,52,0,1,0,0,0,0,0,1,0,0,0,0,0,1,0,0,0,0,0,0,0,0,0,1,0,0
/title/tt2097298/,"$45,710,059","$17,000,000",1,129 min,60,0,0,0,1,0,0,0,1,0,0,0,0,0,0,0,0,0,0,0,0,0,1,0,0,0,0
/title/tt1293847/,"$346,118,277","$85,000,000",1,107 min,42,1,1,0,0,0,0,0,0,0,0,0,0,0,0,0,0,0,0,0,0,0,0,0,1,0,0
/title/tt1259528/,"$80,509,622","$30,000,000",1,148 min,49,1,0,0,0,0,1,0,1,0,0,0,0,0,0,0,0,1,0,0,0,0,0,0,1,0,0
/title/tt2568862/,"$84,918,541","$25,000,000",1,96 min,50,0,0,0,0,1,1,0,0,0,0,0,0,0,0,0,0,0,0,0,0,0,0,0,0,0,0
/title/tt2398241/,"$197,183,546","$60,000,000",1,90 min,40,0,1,1,0,1,0,0,0,1,1,0,0,0,0,0,0,0,0,0,0,0,0,0,0,0,0
/title/tt6428676/,"$119,559,110","$100,000,000",1,85 min,45,0,1,1,0,1,0,0,0,1,1,0,0,0,0,0,0,0,0,0,0,0,0,0,0,0,0
/title/tt7958736/,"$60,582,764","$5,000,000",1,99 min,53,0,0,0,0,0,0,0,0,0,0,0,0,0,1,0,0,0,0,0,0,0,0,0,1,0,0
/title/tt1638355/,"$107,045,109","$75,000,000",1,116 min,56,1,1,0,0,1,0,0,0,0,0,0,0,0,0,0,0,0,0,0,0,0,0,0,0,0,0
/title/tt1413492/,"$67,450,815","$35,000,000",1,130 min,54,1,0,0,0,0,0,0,1,0,0,0,0,1,0,0,0,0,0,0,0,0,0,0,0,1,0
/title/tt2034800/,"$334,933,831","$150,000,000",1,103 min,42,1,1,0,0,0,0,0,0,0,1,0,0,0,0,0,0,0,0,0,0,0,0,0,1,0,0
/title/tt6472976/,"$91,528,689","$7,000,000",1,116 min,53,0,0,0,0,0,0,0,1,0,0,0,0,0,0,0,0,0,0,0,1,0,0,0,0,0,0
/title/tt2334871/,"$60,845,711","$42,000,000",1,90 min,45,1,1,0,0,1,0,0,0,0,0,0,0,0,0,0,0,0,0,0,0,0,0,0,0,0,0
/title/tt2823054/,"$77,068,246","$33,000,000",1,98 min,51,0,0,0,0,1,0,0,0,0,0,0,0,0,0,0,0,0,0,0,1,0,0,0,0,0,0
/title/tt7137846/,"$51,411,620","$6,000,000",1,88 min,42,1,0,0,0,0,1,0,1,0,0,0,0,0,0,0,0,0,0,0,0,0,0,0,1,0,0
/title/tt5664636/,"$93,320,380","$35,000,000",1,90 min,53,0,1,0,0,1,0,0,0,1,1,0,0,0,1,0,0,0,0,0,0,0,0,0,0,0,0
/title/tt1292566/,"$112,343,513","$38,000,000",1,110 min,51,0,0,0,0,1,0,0,1,0,0,0,0,0,0,0,0,0,0,0,1,0,0,0,0,0,0
/title/tt2873282/,"$151,572,634","$69,000,000",1,140 min,53,1,0,0,0,0,0,0,1,0,0,0,0,0,0,0,0,0,0,0,0,0,0,0,1,0,0
/title/tt1617661/,"$183,887,723","$176,000,000",1,127 min,40,1,1,0,0,0,0,0,0,0,0,0,0,0,0,0,0,0,0,0,0,1,0,0,0,0,0
/title/tt1029360/,"$95,437,994","$35,000,000",1,93 min,47,0,0,0,0,0,0,0,0,0,0,0,0,0,1,0,0,0,0,0,0,0,0,0,1,0,0
/title/tt2452244/,"$48,791,187","$31,000,000",1,89 min,60,0,0,0,0,1,0,0,0,0,1,0,0,0,0,0,0,0,0,0,1,0,0,0,0,0,0
/title/tt6791096/,"$94,539,426","$32,000,000",1,110 min,48,0,0,0,0,1,0,0,0,0,0,0,0,0,0,0,0,0,0,0,1,0,0,0,0,0,0
/title/tt1563742/,"$91,244,913","$12,000,000",1,112 min,42,0,0,0,0,1,0,0,0,0,0,0,0,0,0,0,0,0,0,0,1,0,0,0,0,0,0
/title/tt3829266/,"$160,542,134","$88,000,000",1,107 min,48,1,1,0,0,0,0,0,0,0,0,0,0,0,0,0,0,0,0,0,0,1,0,0,1,0,0
/title/tt3195644/,"$112,983,889","$10,000,000",1,97 min,52,0,0,0,0,0,0,0,0,0,0,0,0,0,1,0,0,1,0,0,0,0,0,0,1,0,0
/title/tt1798684/,"$91,970,827","$30,000,000",1,124 min,57,0,0,0,0,0,0,0,1,0,0,0,0,0,0,0,0,0,0,0,0,0,1,0,0,0,0
/title/tt4172430/,"$69,411,370","$50,000,000",1,144 min,48,1,0,0,0,0,0,0,1,0,0,0,0,1,0,0,0,0,0,0,0,0,0,0,1,1,0
/title/tt5619332/,"$65,859,911","$30,000,000",1,105 min,46,0,0,0,0,1,0,0,0,0,0,0,0,0,0,0,0,0,0,0,0,0,0,0,0,0,0
/title/tt2381941/,"$158,762,963","$50,100,000",1,105 min,56,0,0,0,0,1,1,0,1,0,0,0,0,0,0,0,0,0,0,0,1,0,0,0,0,0,0
/title/tt2854926/,"$78,130,625","$28,000,000",1,100 min,56,0,0,0,0,1,0,0,0,0,0,0,0,0,0,0,0,0,0,0,0,0,0,0,0,0,0
/title/tt7634968/,"$72,216,294","$20,000,000",1,117 min,49,0,0,0,0,1,0,0,0,0,1,0,0,0,0,0,0,0,0,0,1,0,0,0,0,0,0
/title/tt0837563/,"$112,399,944","$21,000,000",1,101 min,57,0,0,0,0,0,0,0,0,0,0,0,0,0,1,0,0,1,0,0,0,0,0,0,1,0,0
/title/tt4913966/,"$122,133,739","$9,000,000",1,93 min,41,0,0,0,0,0,0,0,0,0,0,0,0,0,1,0,0,1,0,0,0,0,0,0,1,0,0
/title/tt1711525/,"$114,501,299","$45,000,000",1,105 min,42,0,0,0,0,1,0,0,0,0,0,0,0,0,0,0,0,0,0,0,0,0,0,0,0,0,0
/title/tt4052882/,"$119,100,758","$17,000,000",1,86 min,59,0,0,0,0,0,0,0,1,0,0,0,0,0,1,0,0,0,0,0,0,0,0,0,1,0,0
/title/tt4438848/,"$108,007,109","$35,000,000",1,92 min,58,0,0,0,0,1,0,0,0,0,0,0,0,0,0,0,0,0,0,0,0,0,0,0,0,0,0
/title/tt5308322/,"$125,479,266","$4,800,000",1,96 min,58,0,0,0,0,0,0,0,0,0,0,0,0,0,1,0,0,1,0,0,0,0,0,0,1,0,0
/title/tt2674426/,"$208,314,186","$20,000,000",1,106 min,51,0,0,0,0,0,0,0,1,0,0,0,0,0,0,0,0,0,0,0,1,0,0,0,0,0,0
/title/tt2446980/,"$101,134,059","$60,000,000",1,124 min,56,0,0,0,0,0,0,0,1,0,0,0,0,0,0,0,0,0,0,0,0,0,0,0,0,0,0
/title/tt5886046/,"$155,712,077","$9,000,000",1,99 min,48,1,1,0,0,0,0,0,0,0,0,0,0,0,1,0,0,1,0,0,0,0,0,0,1,0,0
/title/tt4500922/,"$288,175,335","$62,000,000",1,143 min,50,1,0,0,0,0,0,0,0,0,0,0,0,0,0,0,0,0,0,0,0,1,0,0,1,0,0
/title/tt1365519/,"$274,650,803","$94,000,000",1,119 min,48,1,1,0,0,0,0,0,0,0,1,0,0,0,0,0,0,0,0,0,0,0,0,0,1,0,0
/title/tt3393786/,"$162,146,076","$60,000,000",1,118 min,47,1,0,0,0,0,0,0,0,0,0,0,0,0,0,0,0,0,0,0,0,0,0,0,1,0,0
/title/tt3014284/,"$123,081,555","$70,000,000",1,101 min,55,1,1,1,0,1,0,0,0,1,0,0,0,0,0,0,0,0,0,0,0,0,0,0,0,0,0
/title/tt2557478/,"$290,930,148","$150,000,000",1,111 min,44,1,1,0,0,0,0,0,0,0,0,0,0,0,0,0,0,0,0,0,0,1,0,0,0,0,0
/title/tt4257926/,"$73,883,359","$13,000,000",1,109 min,44,0,0,0,1,0,0,0,1,1,0,0,0,0,0,0,0,0,0,0,0,0,0,0,0,0,0
/title/tt2702724/,"$78,844,582","$29,000,000",1,99 min,40,0,0,0,0,1,0,0,0,0,0,0,0,0,0,0,0,0,0,0,0,0,0,0,0,0,0
/title/tt1753383/,"$205,736,628","$22,000,000",1,100 min,43,0,1,0,0,1,0,0,1,1,1,0,0,0,0,0,0,0,0,0,0,0,0,0,0,0,0
/title/tt3110958/,"$334,897,606","$90,000,000",1,129 min,46,1,1,0,0,1,1,0,0,0,0,0,0,0,0,0,0,1,0,0,0,0,0,0,1,0,0
/title/tt3567288/,"$98,450,062","$5,000,000",1,94 min,55,0,0,0,0,0,0,0,0,0,0,0,0,0,1,0,0,1,0,0,0,0,0,0,1,0,0
/title/tt6565702/,"$252,442,974","$200,000,000",1,113 min,43,1,1,0,0,0,0,0,0,0,0,0,0,0,0,0,0,0,0,0,0,1,0,0,0,0,0
/title/tt2268016/,"$117,813,057","$14,800,000",1,115 min,60,0,0,0,0,1,0,0,1,0,0,0,0,0,0,1,0,0,0,0,0,0,0,0,0,0,0
/title/tt6189022/,"$133,365,452","$40,000,000",1,121 min,45,1,0,0,0,0,0,0,0,0,0,0,0,0,0,0,0,0,0,0,0,0,0,0,1,0,0
/title/tt4786282/,"$148,868,835","$4,900,000",1,81 min,58,0,0,0,0,0,0,0,1,0,0,0,0,0,1,0,0,1,0,0,0,0,0,0,1,0,0
/title/tt7401588/,"$120,556,201","$48,000,000",1,118 min,57,0,0,0,0,1,0,0,1,0,0,0,0,0,0,0,0,0,0,0,0,0,0,0,0,0,0
/title/tt5726086/,"$167,885,588","$10,000,000",1,103 min,49,0,0,0,0,0,0,0,0,0,0,0,0,0,1,0,0,1,0,0,0,0,0,0,1,0,0
/title/tt5758778/,"$304,868,961","$125,000,000",1,102 min,51,1,1,0,0,0,0,0,0,0,0,0,0,0,0,0,0,0,0,0,0,0,0,0,1,0,0
/title/tt2119543/,"$131,457,147","$42,000,000",1,105 min,57,0,0,0,0,1,0,0,0,0,1,0,0,0,1,0,0,0,0,0,0,1,0,0,0,0,0
/title/tt6857166/,"$104,438,188","$10,000,000",1,104 min,53,0,0,0,0,1,0,0,1,0,0,0,0,0,0,0,0,0,0,0,1,0,0,0,0,0,0
/title/tt7343762/,"$110,883,070","$20,000,000",1,90 min,60,0,1,0,0,1,0,0,0,0,0,0,0,0,0,0,0,0,0,0,0,0,0,0,0,0,0
/title/tt6133466/,"$137,056,262","$13,000,000",1,98 min,54,1,0,0,0,0,0,0,0,0,0,0,0,0,1,0,0,0,0,0,0,1,0,0,1,0,0
/title/tt6359956/,"$130,560,428","$28,000,000",1,104 min,42,0,0,0,0,1,0,0,0,0,0,0,0,0,0,0,0,0,0,0,0,0,0,0,0,0,0
/title/tt4624424/,"$183,388,953","$70,000,000",1,87 min,56,0,1,1,0,1,0,0,0,1,1,0,0,0,0,0,0,0,0,0,0,0,0,0,0,0,0
/title/tt8079248/,"$151,286,650","$26,000,000",1,116 min,56,0,0,0,0,1,0,0,0,0,1,0,0,0,0,1,1,0,0,0,1,0,0,0,0,0,0
/title/tt8350360/,"$228,552,591","$27,000,000",1,106 min,53,0,0,0,0,0,0,0,0,0,0,0,0,0,1,0,0,1,0,0,0,0,0,0,1,0,0
/title/tt3631112/,"$173,185,859","$45,000,000",1,112 min,48,0,0,0,0,0,1,0,1,0,0,0,0,0,0,0,0,1,0,0,0,0,0,0,1,0,0
/title/tt1959563/,"$176,586,701","$30,000,000",1,118 min,47,1,0,0,0,1,0,0,0,0,0,0,0,0,0,0,0,0,0,0,0,0,0,0,1,0,0
/title/tt2361509/,"$194,564,672","$35,000,000",1,121 min,51,0,0,0,0,1,0,0,1,0,0,0,0,0,0,0,0,0,0,0,0,0,0,0,0,0,0
/title/tt6781982/,"$103,105,878","$29,000,000",1,111 min,43,0,0,0,0,1,0,0,0,0,0,0,0,0,0,0,0,0,0,0,0,0,0,0,0,0,0
/title/tt4094724/,"$118,587,880","$10,000,000",1,108 min,55,1,0,0,0,0,0,0,0,0,0,0,0,0,1,0,0,0,0,0,0,1,0,0,1,0,0
/title/tt1051904/,"$158,260,952","$58,000,000",1,103 min,60,0,1,0,0,1,0,0,0,1,1,0,0,0,1,0,0,0,0,0,0,0,0,0,0,0,0
/title/tt2637276/,"$215,863,606","$68,000,000",1,115 min,48,0,0,0,0,1,0,0,0,0,0,0,0,0,0,0,0,0,0,0,0,0,0,0,0,0,0
/title/tt4046784/,"$312,296,056","$61,000,000",1,131 min,43,1,0,0,0,0,0,0,0,0,0,0,0,0,0,0,0,0,0,0,0,1,0,0,1,0,0
/title/tt3949660/,"$245,623,848","$135,000,000",1,112 min,40,1,1,0,0,1,0,0,0,0,0,0,0,0,0,0,0,0,0,0,0,1,0,0,0,0,0
/title/tt6182908/,"$214,040,103","$80,000,000",1,96 min,60,0,1,1,0,1,0,0,0,1,1,0,0,0,0,0,1,0,0,0,0,0,0,0,0,0,0
/title/tt3411444/,"$296,069,199","$111,000,000",1,108 min,58,0,1,1,0,1,0,0,0,1,1,0,0,0,0,0,0,0,0,0,0,0,0,0,0,0,0
/title/tt0437086/,"$404,852,543","$170,000,000",1,122 min,53,1,1,0,0,0,0,0,0,0,0,0,0,0,0,0,0,0,0,0,0,1,0,0,1,0,0
/title/tt2140479/,"$155,160,045","$44,000,000",1,128 min,51,1,0,0,0,0,1,0,1,0,0,0,0,0,0,0,0,0,0,0,0,0,0,0,1,0,0
/title/tt1850457/,"$105,011,053","$30,000,000",1,118 min,58,0,0,0,0,1,0,0,0,0,0,0,0,0,0,0,0,0,0,0,0,0,0,0,0,0,0
/title/tt1935859/,"$296,482,446","$110,000,000",1,127 min,57,0,1,0,0,0,0,0,1,0,1,0,0,0,0,0,0,0,0,0,0,0,0,0,1,0,0
/title/tt2404435/,"$162,360,636","$90,000,000",1,132 min,54,1,1,0,0,0,0,0,0,0,0,0,0,0,0,0,0,0,0,0,0,0,0,0,0,0,1
/title/tt1964418/,"$209,035,668","$190,000,000",1,130 min,60,1,1,0,0,0,0,0,0,1,1,0,0,0,0,0,0,1,0,0,0,1,0,0,0,0,0
/title/tt4575576/,"$197,744,377","$75,000,000",1,104 min,60,0,1,0,0,1,0,0,1,1,1,0,0,0,0,0,0,0,0,0,0,0,0,0,0,0,0
/title/tt1355644/,"$303,144,152","$110,000,000",1,116 min,41,0,0,0,0,0,0,0,1,0,0,0,0,0,0,0,0,0,0,0,1,1,0,0,1,0,0
/title/tt4649466/,"$410,902,662","$104,000,000",1,141 min,44,1,1,0,0,1,0,0,0,0,0,0,0,0,0,0,0,0,0,0,0,0,0,0,0,0,0
/title/tt1620680/,"$132,675,864","$100,000,000",1,109 min,53,0,1,0,0,0,0,0,0,1,1,0,0,0,0,0,0,0,0,0,0,1,0,0,0,0,0
/title/tt2231461/,"$428,028,233","$120,000,000",1,107 min,45,1,1,0,0,0,0,0,0,0,0,0,0,0,0,0,0,0,0,0,0,1,0,0,0,0,0
/title/tt3766354/,"$190,400,157","$62,000,000",1,121 min,50,1,0,0,0,0,1,0,0,0,0,0,0,0,0,0,0,0,0,0,0,0,0,0,1,0,0
/title/tt3402236/,"$352,789,811","$55,000,000",1,114 min,52,0,0,0,0,0,1,0,1,0,0,0,0,0,0,0,0,1,0,0,0,0,0,0,0,0,0
/title/tt7959026/,"$174,504,407","$50,000,000",1,116 min,58,0,0,0,0,0,1,0,1,0,0,0,0,0,0,0,0,0,0,0,0,0,0,0,1,0,0
/title/tt4765284/,"$185,400,345","$45,000,000",1,93 min,40,0,0,0,0,1,0,0,0,0,0,0,0,0,0,1,0,0,0,0,0,0,0,0,0,0,0
/title/tt1985949/,"$352,333,929","$73,000,000",1,97 min,43,0,0,1,0,1,0,0,0,1,0,0,0,0,0,0,0,0,0,0,0,0,0,0,0,0,0
/title/tt1987680/,"$122,752,517","$37,500,000",1,126 min,46,0,0,0,0,1,0,0,1,0,0,0,0,0,0,0,0,0,0,0,0,0,0,0,0,0,0
/title/tt3741700/,"$385,900,138","$170,000,000",1,132 min,48,1,1,0,0,0,0,0,0,0,1,0,0,0,0,0,0,0,0,0,0,1,0,0,0,0,0
/title/tt6823368/,"$246,985,576","$20,000,000",1,129 min,43,0,0,0,0,0,0,0,1,0,0,0,0,0,0,0,0,0,0,0,0,1,0,0,1,0,0
/title/tt4651520/,"$183,936,074","$20,000,000",1,100 min,60,0,0,0,0,1,0,0,0,0,0,0,0,0,0,0,0,0,0,0,0,0,0,0,0,0,0
/title/tt3861390/,"$353,284,621","$170,000,000",1,112 min,51,0,1,0,0,0,0,0,0,1,1,0,0,0,0,0,0,0,0,0,0,0,0,0,0,0,0
/title/tt5117670/,"$351,266,433","$50,000,000",1,95 min,51,0,1,1,0,1,0,0,0,1,1,0,0,0,0,0,0,0,0,0,0,0,0,0,0,0,0
/title/tt5814060/,"$365,550,119","$22,000,000",1,96 min,46,0,0,0,0,0,0,0,0,0,0,0,0,0,1,0,0,1,0,0,0,0,0,0,1,0,0
/title/tt6911608/,"$395,044,706","$75,000,000",1,114 min,60,0,0,0,0,1,0,0,0,0,0,0,0,0,0,0,1,0,0,0,1,0,0,0,0,0,0
/title/tt0918940/,"$356,700,357","$180,000,000",1,110 min,44,1,1,0,0,0,0,0,1,0,1,0,0,0,0,0,0,0,0,0,1,0,0,0,0,0,0
/title/tt1489889/,"$216,972,543","$50,000,000",1,107 min,52,1,0,0,0,1,1,0,0,0,0,0,0,0,0,0,0,0,0,0,0,0,0,0,0,0,0
/title/tt1289401/,"$229,147,509","$144,000,000",1,116 min,60,1,0,0,0,1,0,0,0,0,1,0,0,0,0,0,0,0,0,0,0,1,0,0,0,0,0
/title/tt2908446/,"$297,002,527","$110,000,000",1,119 min,42,1,1,0,0,0,0,0,0,0,0,0,0,0,0,0,0,0,0,0,0,1,0,0,1,0,0
/title/tt4779682/,"$530,243,742","$130,000,000",1,113 min,46,1,0,0,0,0,0,0,0,0,0,0,0,0,1,0,0,0,0,0,0,1,0,0,1,0,0
/title/tt5884052/,"$431,705,346","$150,000,000",1,104 min,53,1,1,0,0,1,0,0,0,1,0,0,0,0,0,0,0,1,0,0,0,1,0,0,0,0,0
/title/tt1528854/,"$242,786,137","$50,000,000",1,96 min,42,0,0,0,0,1,0,0,0,1,0,0,0,0,0,0,0,0,0,0,0,0,0,0,0,0,0
/title/tt3606752/,"$383,930,656","$175,000,000",1,102 min,59,0,1,1,0,1,0,0,0,1,0,0,0,0,0,0,0,0,0,0,0,0,1,0,0,0,0
/title/tt1679335/,"$346,864,462","$125,000,000",1,92 min,56,0,1,1,0,1,0,0,0,1,1,0,0,0,0,0,1,0,0,0,0,0,0,0,0,0,0
/title/tt2126355/,"$473,990,832","$110,000,000",1,114 min,43,1,1,0,0,0,0,0,1,0,0,0,0,0,0,0,0,0,0,0,0,0,0,0,1,0,0
/title/tt3385516/,"$543,934,105","$178,000,000",1,144 min,52,1,1,0,0,0,0,0,0,0,0,0,0,0,0,0,0,0,0,0,0,1,0,0,0,0,0
/title/tt5113040/,"$429,434,163","$80,000,000",1,86 min,55,0,1,1,0,1,0,0,0,1,0,0,0,0,0,0,0,0,0,0,0,0,0,0,0,0,0
/title/tt4123430/,"$653,755,901","$200,000,000",1,134 min,52,0,1,0,0,0,0,0,0,1,1,0,0,0,0,0,0,0,0,0,0,0,0,0,0,0,0
/title/tt4196776/,"$415,484,914","$120,000,000",1,123 min,58,1,0,0,0,0,0,0,0,0,0,0,0,0,0,0,0,0,0,0,0,0,0,0,1,0,0
/title/tt6806448/,"$758,910,100","$200,000,000",1,137 min,60,1,1,0,0,0,0,0,0,0,0,0,0,0,0,0,0,0,0,0,0,0,0,0,0,0,0
/title/tt2322441/,"$569,651,467","$40,000,000",1,125 min,46,0,0,0,0,0,0,0,1,0,0,0,0,0,0,0,0,0,0,0,1,0,0,0,1,0,0
/title/tt5220122/,"$528,583,774","$80,000,000",1,97 min,54,0,1,1,0,1,0,0,0,1,1,0,0,0,0,0,0,0,0,0,0,0,0,0,0,0,0
/title/tt2510894/,"$474,800,000","$80,000,000",1,89 min,44,0,0,1,0,1,0,0,0,1,1,0,0,0,1,0,0,0,0,0,0,0,0,0,0,0,0
/title/tt1485796/,"$434,993,183","$84,000,000",1,105 min,48,0,0,0,1,0,0,0,1,0,0,0,0,0,0,0,1,0,0,0,0,0,0,0,0,0,0
/title/tt3874544/,"$527,965,936","$125,000,000",1,97 min,50,0,1,1,0,1,0,0,0,1,1,0,0,0,0,0,0,0,0,0,0,0,0,0,0,0,0
/title/tt2224026/,"$386,041,607","$135,000,000",1,94 min,55,0,1,1,0,1,0,0,0,1,1,0,0,0,0,0,0,0,0,0,0,1,0,0,0,0,0
/title/tt7286456/,"$988,735,635","$55,000,000",1,122 min,59,0,0,0,0,0,1,0,1,0,0,0,0,0,0,0,0,0,0,0,0,0,0,0,1,0,0
/title/tt7349950/,"$462,519,656","$79,000,000",1,169 min,58,0,0,0,0,0,0,0,1,0,1,0,0,0,1,0,0,0,0,0,0,0,0,0,0,0,0
/title/tt2379713/,"$880,674,609","$245,000,000",1,148 min,60,1,1,0,0,0,0,0,0,0,0,0,0,0,0,0,0,0,0,0,0,0,0,0,1,0,0
/title/tt1727824/,"$903,655,259","$52,000,000",1,134 min,49,0,0,0,1,0,0,0,1,0,0,0,0,0,0,1,0,0,0,0,0,0,0,0,0,0,0
/title/tt4630562/,"$1,236,005,118","$250,000,000",1,136 min,56,1,1,0,0,0,0,0,0,0,0,0,0,0,0,0,0,0,0,0,0,0,0,0,1,0,0
/title/tt0974015/,"$657,924,295","$300,000,000",1,120 min,45,1,1,0,0,0,0,0,0,0,1,0,0,0,0,0,0,0,0,0,0,1,0,0,0,0,0
/title/tt3469046/,"$1,034,799,409","$80,000,000",1,89 min,49,0,1,1,0,1,0,0,0,1,1,0,0,0,0,0,0,0,0,0,0,1,0,0,0,0,0
/title/tt3470600/,"$634,151,679","$75,000,000",1,108 min,59,0,0,1,0,1,0,0,0,1,0,0,0,0,0,0,1,0,0,0,0,0,0,0,0,0,0
/title/tt2709692/,"$511,595,957","$75,000,000",1,85 min,51,0,0,1,0,0,0,0,0,1,1,0,0,0,0,0,0,0,0,0,0,0,0,0,0,0,0
/title/tt1386697/,"$746,846,894","$175,000,000",1,123 min,40,1,1,0,0,0,0,0,0,0,1,0,0,0,0,0,0,0,0,0,0,1,0,0,0,0,0
/title/tt2975590/,"$873,634,919","$250,000,000",1,151 min,44,1,1,0,0,0,0,0,0,0,0,0,0,0,0,0,0,0,0,0,0,1,0,0,0,0,0
/title/tt1477834/,"$1,148,161,807","$160,000,000",1,143 min,55,1,1,0,0,0,0,0,0,0,1,0,0,0,0,0,0,0,0,0,0,1,0,0,0,0,0
/title/tt2293640/,"$1,159,398,397","$74,000,000",1,91 min,56,0,1,1,0,1,0,0,0,1,0,0,0,0,0,0,0,0,0,0,0,1,0,0,0,0,0
/title/tt6139732/,"$1,050,693,953","$183,000,000",1,128 min,53,0,1,0,0,0,0,0,0,1,1,0,0,0,0,0,1,0,0,0,1,0,0,0,0,0,0
/title/tt2283362/,"$962,102,237","$90,000,000",1,119 min,58,1,1,0,0,1,0,0,0,0,1,0,0,0,0,0,0,0,0,0,0,0,0,0,0,0,0
/title/tt4881806/,"$1,308,467,944","$170,000,000",1,128 min,51,1,1,0,0,0,0,0,0,0,0,0,0,0,0,0,0,0,0,0,0,1,0,0,0,0,0
/title/tt6105098/,"$1,655,146,969","$260,000,000",1,118 min,55,0,1,1,0,0,0,0,1,1,0,0,0,0,0,0,1,0,0,0,0,0,0,0,0,0,0
/title/tt0369610/,"$1,670,400,637","$150,000,000",1,124 min,59,1,1,0,0,0,0,0,0,0,0,0,0,0,0,0,0,0,0,0,0,1,0,0,0,0,0
